{
  "previous_prediction": [
    "HOLD",
    0.0
  ],
  "previous_candle": {
    "open_time": 1765044000000,
    "open": 89712.85,
    "high": 89720.0,
    "low": 89681.91,
    "close": 89681.92,
    "volume": 8.13677,
    "close_time": 1765044899999,
    "quote_asset_volume": 729922.8600158,
    "number_of_trades": 2759,
    "taker_buy_base_asset_volume": 5.82762,
    "taker_buy_quote_asset_volume": 522786.1788908
  },
  "prediction_stats": {
    "correct": 0,
    "incorrect": 0,
    "total": 0,
    "win_rate": 0.0
  }
}